{
  "meta": {
    "home": "Inter",
    "away": "Milan",
    "competition": "Serie A — Derby della Madonnina",
    "n_sims": 10000,
    "generated": "2026-07-02 12:48:05",
    "keepers": {
      "home": {
        "name": "Y. Sommer",
        "save_rate": 0.735
      },
      "away": {
        "name": "M. Maignan",
        "save_rate": 0.71
      }
    },
    "aggression": {
      "home": 1.09375,
      "away": 1.1285714285714286
    }
  },
  "xg": {
    "home": 2.1046479999999996,
    "away": 1.163008
  },
  "outcomes": {
    "1": 57.95,
    "X": 22.82,
    "2": 19.23,
    "1X": 80.77000000000001,
    "X2": 42.05,
    "12": 77.18
  },
  "btts": 57.06,
  "over": {
    "0.5": 93.94,
    "1.5": 79.0,
    "2.5": 58.53,
    "3.5": 39.47,
    "4.5": 23.9
  },
  "goals_dist": {
    "0": 6.06,
    "1": 14.94,
    "2": 20.47,
    "3": 19.06,
    "4": 15.57,
    "5": 10.1,
    "6": 6.5,
    "7": 3.52,
    "8": 2.0,
    "9": 1.0,
    "10": 0.48,
    "11": 0.15,
    "12": 0.07,
    "13": 0.04,
    "14": 0.02,
    "15": 0.02
  },
  "score_matrix": [
    [
      6.06,
      5.18,
      2.51,
      0.81,
      0.21,
      0.08
    ],
    [
      9.76,
      9.64,
      4.53,
      1.64,
      0.55,
      0.09
    ],
    [
      8.32,
      8.42,
      4.98,
      1.87,
      0.69,
      0.24
    ],
    [
      5.3,
      5.88,
      3.31,
      1.68,
      0.45,
      0.21
    ],
    [
      2.86,
      3.15,
      2.03,
      1.08,
      0.37,
      0.16
    ],
    [
      1.85,
      2.62,
      1.94,
      0.89,
      0.45,
      0.19
    ]
  ],
  "top_scores": [
    [
      "1-0",
      9.76
    ],
    [
      "1-1",
      9.64
    ],
    [
      "2-1",
      8.42
    ],
    [
      "2-0",
      8.32
    ],
    [
      "0-0",
      6.06
    ],
    [
      "3-1",
      5.88
    ],
    [
      "3-0",
      5.3
    ],
    [
      "0-1",
      5.18
    ],
    [
      "2-2",
      4.98
    ],
    [
      "1-2",
      4.53
    ]
  ],
  "corners": {
    "mean_home": 6.6589,
    "mean_away": 6.661,
    "mean_total": 13.3199,
    "dist_total": {
      "2": 0.05,
      "3": 0.2,
      "4": 0.64,
      "5": 1.12,
      "6": 2.05,
      "7": 3.54,
      "8": 5.16,
      "9": 7.21,
      "10": 7.85,
      "11": 8.66,
      "12": 9.2,
      "13": 8.76,
      "14": 8.57,
      "15": 7.54,
      "16": 6.96,
      "17": 5.79,
      "18": 4.76,
      "19": 3.47,
      "20": 2.63,
      "21": 1.75,
      "22": 1.12,
      "23": 1.12,
      "24": 0.66,
      "25": 0.41,
      "26": 0.25,
      "27": 0.21,
      "28": 0.14,
      "29": 0.08,
      "30": 0.05,
      "31": 0.02,
      "32": 0.01,
      "33": 0.01,
      "34": 0.01
    },
    "lines": {
      "7.5": 92.4,
      "8.5": 87.24,
      "9.5": 80.03,
      "10.5": 72.18,
      "11.5": 63.52,
      "12.5": 54.32
    },
    "most": {
      "away": 44.57,
      "home": 44.54,
      "tie": 10.89
    }
  },
  "sot": {
    "mean_home": 7.2114,
    "mean_away": 4.3316,
    "dist_home": {
      "0": 0.36,
      "1": 2.05,
      "2": 4.27,
      "3": 7.23,
      "4": 9.34,
      "5": 11.09,
      "6": 12.34,
      "7": 11.0,
      "8": 10.16,
      "9": 8.55,
      "10": 7.13,
      "11": 5.03,
      "12": 3.68,
      "13": 2.51,
      "14": 1.65,
      "15": 1.29,
      "16": 0.85,
      "17": 0.56,
      "18": 0.38,
      "19": 0.25,
      "20": 0.08,
      "21": 0.06,
      "22": 0.05,
      "23": 0.03,
      "25": 0.03,
      "26": 0.02,
      "28": 0.01
    },
    "dist_away": {
      "0": 2.32,
      "1": 8.18,
      "2": 14.29,
      "3": 16.46,
      "4": 16.7,
      "5": 13.94,
      "6": 10.56,
      "7": 7.01,
      "8": 4.34,
      "9": 2.66,
      "10": 1.63,
      "11": 0.89,
      "12": 0.52,
      "13": 0.22,
      "14": 0.1,
      "15": 0.11,
      "16": 0.03,
      "17": 0.02,
      "18": 0.01,
      "19": 0.01
    }
  },
  "saves": {
    "mean_home": 3.197,
    "mean_away": 5.1173,
    "dist_home": {
      "0": 5.68,
      "1": 15.18,
      "2": 20.48,
      "3": 19.92,
      "4": 15.77,
      "5": 10.23,
      "6": 6.01,
      "7": 3.32,
      "8": 1.79,
      "9": 0.91,
      "10": 0.36,
      "11": 0.19,
      "12": 0.09,
      "13": 0.03,
      "14": 0.01,
      "15": 0.02,
      "16": 0.01
    },
    "dist_away": {
      "0": 1.74,
      "1": 5.59,
      "2": 9.82,
      "3": 13.93,
      "4": 14.93,
      "5": 14.12,
      "6": 12.08,
      "7": 9.22,
      "8": 6.68,
      "9": 4.55,
      "10": 3.1,
      "11": 1.91,
      "12": 0.95,
      "13": 0.6,
      "14": 0.38,
      "15": 0.19,
      "16": 0.1,
      "17": 0.03,
      "18": 0.06,
      "20": 0.01,
      "21": 0.01
    }
  },
  "discipline": {
    "fouls_mean": {
      "home": 12.8766,
      "away": 13.3151
    },
    "yellows_mean": {
      "home": 2.5876,
      "away": 2.7652
    },
    "red_prob": {
      "home": 5.93,
      "away": 6.15
    },
    "cards_total_mean": 5.4736,
    "cards_dist": {
      "0": 0.41,
      "1": 2.39,
      "2": 6.13,
      "3": 11.69,
      "4": 15.49,
      "5": 17.36,
      "6": 15.35,
      "7": 12.48,
      "8": 8.17,
      "9": 5.48,
      "10": 2.59,
      "11": 1.32,
      "12": 0.76,
      "13": 0.22,
      "14": 0.09,
      "15": 0.04,
      "16": 0.03
    },
    "cards_lines": {
      "2.5": 91.07,
      "3.5": 79.38,
      "4.5": 63.89,
      "5.5": 46.53,
      "6.5": 31.18
    }
  },
  "scorers": {
    "home": [
      {
        "name": "L. Martinez",
        "role": "ATT",
        "anytime": 38.41,
        "brace": 8.92,
        "xg_sim": 0.4918,
        "fair_odds": 2.603488674824265,
        "penalty_taker": false
      },
      {
        "name": "M. Thuram",
        "role": "ATT",
        "anytime": 34.67,
        "brace": 7.4,
        "xg_sim": 0.4368,
        "fair_odds": 2.8843380444188056,
        "penalty_taker": false
      },
      {
        "name": "H. Calhanoglu",
        "role": "CEN",
        "anytime": 33.08,
        "brace": 6.72,
        "xg_sim": 0.4093,
        "fair_odds": 3.0229746070133015,
        "penalty_taker": true
      },
      {
        "name": "D. Dumfries",
        "role": "CEN",
        "anytime": 15.35,
        "brace": 1.38,
        "xg_sim": 0.1686,
        "fair_odds": 6.514657980456026,
        "penalty_taker": false
      },
      {
        "name": "F. Dimarco",
        "role": "CEN",
        "anytime": 13.61,
        "brace": 1.12,
        "xg_sim": 0.1479,
        "fair_odds": 7.347538574577517,
        "penalty_taker": false
      },
      {
        "name": "N. Barella",
        "role": "CEN",
        "anytime": 13.17,
        "brace": 0.93,
        "xg_sim": 0.141,
        "fair_odds": 7.593014426727411,
        "penalty_taker": false
      },
      {
        "name": "H. Mkhitaryan",
        "role": "CEN",
        "anytime": 12.4,
        "brace": 1.0,
        "xg_sim": 0.1347,
        "fair_odds": 8.064516129032258,
        "penalty_taker": false
      },
      {
        "name": "B. Pavard",
        "role": "DIF",
        "anytime": 3.92,
        "brace": 0.13,
        "xg_sim": 0.0405,
        "fair_odds": 25.510204081632654,
        "penalty_taker": false
      },
      {
        "name": "A. Bastoni",
        "role": "DIF",
        "anytime": 3.75,
        "brace": 0.07,
        "xg_sim": 0.0382,
        "fair_odds": 26.666666666666668,
        "penalty_taker": false
      },
      {
        "name": "F. Acerbi",
        "role": "DIF",
        "anytime": 3.23,
        "brace": 0.02,
        "xg_sim": 0.0325,
        "fair_odds": 30.959752321981423,
        "penalty_taker": false
      }
    ],
    "away": [
      {
        "name": "C. Pulisic",
        "role": "ATT",
        "anytime": 30.35,
        "brace": 5.63,
        "xg_sim": 0.369,
        "fair_odds": 3.2948929159802307,
        "penalty_taker": true
      },
      {
        "name": "R. Leao",
        "role": "ATT",
        "anytime": 20.17,
        "brace": 2.29,
        "xg_sim": 0.2261,
        "fair_odds": 4.957858205255329,